{
  "day": 6,
  "daily_mood": {
    "valence": -5.0,
    "arousal": 0.0,
    "dominance": -2.9115413572864712
  },
  "carry_over_mood": {
    "valence": -4.225,
    "arousal": 0.0,
    "dominance": -2.503925567266365
  }
}