{
  "day": 2,
  "daily_mood": {
    "valence": -4.264824022199647,
    "arousal": 0.0,
    "dominance": -2.2292890374764798
  },
  "carry_over_mood": {
    "valence": -3.603776298758702,
    "arousal": 0.0,
    "dominance": -1.9171885722297726
  }
}