{
  "day": 5,
  "daily_mood": {
    "valence": -5.0,
    "arousal": 0.0,
    "dominance": -2.8749031926691475
  },
  "carry_over_mood": {
    "valence": -4.225,
    "arousal": 0.0,
    "dominance": -2.4724167456954667
  }
}