{
  "day": 4,
  "daily_mood": {
    "valence": -5.0,
    "arousal": 0.0,
    "dominance": -2.8039506586873424
  },
  "carry_over_mood": {
    "valence": -4.225,
    "arousal": 0.0,
    "dominance": -2.4113975664711145
  }
}