{
  "day": 1,
  "daily_mood": {
    "valence": -2.559025,
    "arousal": 0.0,
    "dominance": -1.2997999999999998
  },
  "carry_over_mood": {
    "valence": -2.162376125,
    "arousal": 0.0,
    "dominance": -1.1178279999999998
  }
}